[
null,
{"id":1,"expanded":false,"name":"Abandoned Town","order":3,"parentId":16,"scrollX":819,"scrollY":612.5},
{"id":2,"expanded":false,"name":"Market","order":4,"parentId":16,"scrollX":811,"scrollY":461.5},
{"id":3,"expanded":false,"name":"Oasis","order":5,"parentId":16,"scrollX":819,"scrollY":502.5},
{"id":4,"expanded":false,"name":"Mountain Village","order":6,"parentId":16,"scrollX":811,"scrollY":697.5},
{"id":5,"expanded":false,"name":"Fortress","order":7,"parentId":16,"scrollX":1279,"scrollY":503.5},
{"id":6,"expanded":false,"name":"Forest","order":8,"parentId":16,"scrollX":811,"scrollY":739.5},
{"id":7,"expanded":false,"name":"Bar","order":2,"parentId":16,"scrollX":811,"scrollY":461.5},
{"id":8,"expanded":false,"name":"House 1","order":9,"parentId":16,"scrollX":811,"scrollY":461.5},
{"id":9,"expanded":false,"name":"Inn 2F","order":11,"parentId":16,"scrollX":811,"scrollY":461.5},
{"id":10,"expanded":false,"name":"Inn 1F","order":10,"parentId":16,"scrollX":811,"scrollY":461.5},
{"id":11,"expanded":false,"name":"Item Shop","order":12,"parentId":16,"scrollX":0,"scrollY":0},
{"id":12,"expanded":false,"name":"Abandoned House","order":13,"parentId":16,"scrollX":0,"scrollY":0},
{"id":13,"expanded":false,"name":"Church","order":14,"parentId":16,"scrollX":819,"scrollY":481.5},
{"id":14,"expanded":false,"name":"Weapon Shop","order":15,"parentId":16,"scrollX":811,"scrollY":461.5},
{"id":15,"expanded":false,"name":"Castle 2F","order":16,"parentId":16,"scrollX":811,"scrollY":461.5},
{"id":16,"expanded":false,"name":"ORIGINAL COLOURS","order":1,"parentId":0,"scrollX":811,"scrollY":453.5},
{"id":17,"expanded":true,"name":"DESATURATED COLOURS","order":17,"parentId":0,"scrollX":811,"scrollY":461.5},
{"id":18,"expanded":false,"name":"Bar","order":18,"parentId":17,"scrollX":811,"scrollY":461.5},
{"id":19,"expanded":false,"name":"Abandoned Town","order":19,"parentId":17,"scrollX":819,"scrollY":612.5},
{"id":20,"expanded":false,"name":"Market","order":20,"parentId":17,"scrollX":811,"scrollY":461.5},
{"id":21,"expanded":false,"name":"Oasis","order":21,"parentId":17,"scrollX":819,"scrollY":502.5},
{"id":22,"expanded":false,"name":"Mountain Village","order":22,"parentId":17,"scrollX":811,"scrollY":697.5},
{"id":23,"expanded":false,"name":"Fortress","order":23,"parentId":17,"scrollX":1279,"scrollY":503.5},
{"id":24,"expanded":false,"name":"Forest","order":24,"parentId":17,"scrollX":811,"scrollY":739.5},
{"id":25,"expanded":false,"name":"House 1","order":25,"parentId":17,"scrollX":811,"scrollY":461.5},
{"id":26,"expanded":false,"name":"Inn 1F","order":26,"parentId":17,"scrollX":811,"scrollY":461.5},
{"id":27,"expanded":false,"name":"Inn 2F","order":27,"parentId":17,"scrollX":811,"scrollY":461.5},
{"id":28,"expanded":false,"name":"Item Shop","order":28,"parentId":17,"scrollX":0,"scrollY":0},
{"id":29,"expanded":false,"name":"Abandoned House","order":29,"parentId":17,"scrollX":811,"scrollY":461.5},
{"id":30,"expanded":false,"name":"Church","order":30,"parentId":17,"scrollX":819,"scrollY":481.5},
{"id":31,"expanded":false,"name":"Weapon Shop","order":31,"parentId":17,"scrollX":811,"scrollY":461.5},
{"id":32,"expanded":false,"name":"Castle 2F","order":32,"parentId":17,"scrollX":811,"scrollY":461.5}
]